-- phpMyAdmin SQL Dump
-- version 4.6.4
-- https://www.phpmyadmin.net/
--
-- Host: 127.0.0.1
-- Generation Time: Nov 02, 2019 at 03:26 PM
-- Server version: 5.7.14
-- PHP Version: 5.6.25

SET SQL_MODE = "NO_AUTO_VALUE_ON_ZERO";
SET time_zone = "+00:00";


/*!40101 SET @OLD_CHARACTER_SET_CLIENT=@@CHARACTER_SET_CLIENT */;
/*!40101 SET @OLD_CHARACTER_SET_RESULTS=@@CHARACTER_SET_RESULTS */;
/*!40101 SET @OLD_COLLATION_CONNECTION=@@COLLATION_CONNECTION */;
/*!40101 SET NAMES utf8mb4 */;

--
-- Database: `dbfood`
--

-- --------------------------------------------------------

--
-- Table structure for table `tbadmin`
--

CREATE TABLE `tbadmin` (
  `fld_id` int(10) NOT NULL,
  `fld_username` varchar(30) NOT NULL,
  `fld_password` varchar(30) NOT NULL
) ENGINE=InnoDB DEFAULT CHARSET=latin1;

--
-- Dumping data for table `tbadmin`
--

INSERT INTO `tbadmin` (`fld_id`, `fld_username`, `fld_password`) VALUES
(1, 'admin', 'admin@123');

-- --------------------------------------------------------

--
-- Table structure for table `tbfood`
--

CREATE TABLE `tbfood` (
  `food_id` int(11) NOT NULL,
  `fldvendor_id` int(11) NOT NULL,
  `foodname` varchar(100) NOT NULL,
  `cost` bigint(15) NOT NULL,
  `cuisines` varchar(50) NOT NULL,
  `paymentmode` varchar(50) NOT NULL,
  `fldimage` varchar(1000) NOT NULL
) ENGINE=InnoDB DEFAULT CHARSET=utf8;

--
-- Dumping data for table `tbfood`
--

INSERT INTO `tbfood` (`food_id`, `fldvendor_id`, `foodname`, `cost`, `cuisines`, `paymentmode`, `fldimage`) VALUES
(2, 22, 'malai Kofta', 50, 'vegetable,veg', 'COD', '1469258122-malai-kofta.jpg'),
(3, 22, 'shahi panner', 20, 'vegetable', 'COD', 'Shahi-Paneer-Recipe.jpg'),
(4, 22, 'chola kulcha', 100, 'lunch', 'COD', 'maxresdefault.jpg'),
(5, 23, 'Pizza', 100, 'Medium Size, fast food', 'COD', 'phut_0.jpg'),
(6, 23, 'Pizza Full', 300, 'Fast food,full size', 'COD', 'phut_0.jpg'),
(7, 23, 'burger ', 50, 'Fast food', 'COD', 'photo-1534790566855-4cb788d389ec.jpg'),
(8, 26, 'gobi', 10001, 'efdewfwef', 'COD', 'classic_snowball.jpg');

-- --------------------------------------------------------

--
-- Table structure for table `tblcart`
--

CREATE TABLE `tblcart` (
  `fld_cart_id` int(11) NOT NULL,
  `fld_product_id` bigint(11) NOT NULL,
  `fld_customer_id` varchar(50) NOT NULL
) ENGINE=InnoDB DEFAULT CHARSET=utf8;

--
-- Dumping data for table `tblcart`
--

INSERT INTO `tblcart` (`fld_cart_id`, `fld_product_id`, `fld_customer_id`) VALUES
(1, 2, '2'),
(3, 3, '2'),
(4, 5, 'customer2@gmail.com'),
(5, 6, 'customer2@gmail.com'),
(6, 5, 'customer2@gmail.com'),
(7, 6, 'customer2@gmail.com'),
(8, 2, 'customer2@gmail.com');

-- --------------------------------------------------------

--
-- Table structure for table `tblcustomer`
--

CREATE TABLE `tblcustomer` (
  `fld_cust_id` int(10) NOT NULL,
  `fld_name` varchar(30) NOT NULL,
  `fld_email` varchar(30) NOT NULL,
  `fld_mobile` bigint(10) NOT NULL,
  `password` varchar(30) NOT NULL
) ENGINE=InnoDB DEFAULT CHARSET=utf8;

--
-- Dumping data for table `tblcustomer`
--

INSERT INTO `tblcustomer` (`fld_cust_id`, `fld_name`, `fld_email`, `fld_mobile`, `password`) VALUES
(1, 'gajender', 'customer1@gmail.com', 7503515382, 'customer1'),
(2, 'sanjay', 'customer2@gmail.com', 7503515386, 'customer2'),
(3, 'saana', 'customer3@gmail.com', 7503515383, 'customer3');

-- --------------------------------------------------------

--
-- Table structure for table `tblmessage`
--

CREATE TABLE `tblmessage` (
  `fld_msg_id` int(10) NOT NULL,
  `fld_name` varchar(50) NOT NULL,
  `fld_email` varchar(50) NOT NULL,
  `fld_phone` bigint(10) DEFAULT NULL,
  `fld_msg` varchar(200) NOT NULL
) ENGINE=InnoDB DEFAULT CHARSET=utf8;

-- --------------------------------------------------------

--
-- Table structure for table `tblorder`
--

CREATE TABLE `tblorder` (
  `fld_order_id` int(10) NOT NULL,
  `fld_cart_id` bigint(10) NOT NULL,
  `fldvendor_id` bigint(10) DEFAULT NULL,
  `fld_food_id` bigint(10) DEFAULT NULL,
  `fld_email_id` varchar(50) DEFAULT NULL,
  `fld_payment` varchar(20) DEFAULT NULL,
  `fldstatus` varchar(20) DEFAULT NULL
) ENGINE=InnoDB DEFAULT CHARSET=utf8;

--
-- Dumping data for table `tblorder`
--

INSERT INTO `tblorder` (`fld_order_id`, `fld_cart_id`, `fldvendor_id`, `fld_food_id`, `fld_email_id`, `fld_payment`, `fldstatus`) VALUES
(1, 1, 21, 1, 'customer3@gmail.com', '50', 'Delivered'),
(2, 2, 22, 3, 'customer3@gmail.com', '20', 'Out Of Stock'),
(3, 9, 22, 2, 'customer1@gmail.com', '50', 'cancelled'),
(4, 10, 22, 2, 'customer1@gmail.com', '50', 'cancelled'),
(5, 11, 26, 8, 'customer1@gmail.com', '10001', 'In Process'),
(6, 12, 26, 8, 'customer1@gmail.com', '10001', 'In Process'),
(7, 13, 26, 8, 'customer1@gmail.com', '10001', 'In Process'),
(8, 14, 22, 2, 'customer1@gmail.com', '50', 'In Process'),
(9, 15, 22, 2, 'customer1@gmail.com', '50', 'In Process'),
(10, 16, 26, 8, 'customer1@gmail.com', '10001', 'In Process'),
(11, 17, 22, 2, 'customer1@gmail.com', '50', 'In Process'),
(12, 18, 22, 3, 'customer1@gmail.com', '20', 'In Process'),
(13, 19, 23, 5, 'customer1@gmail.com', '100', 'In Process'),
(14, 20, 22, 2, 'customer1@gmail.com', '50', 'In Process');

-- --------------------------------------------------------

--
-- Table structure for table `tblvendor`
--

CREATE TABLE `tblvendor` (
  `fldvendor_id` int(10) NOT NULL,
  `fld_name` varchar(30) NOT NULL,
  `fld_email` varchar(50) NOT NULL,
  `fld_password` varchar(50) NOT NULL,
  `fld_mob` bigint(10) NOT NULL,
  `fld_phone` bigint(10) NOT NULL,
  `fld_address` varchar(50) NOT NULL,
  `fld_logo` varchar(250) NOT NULL,
  `lat` bigint(255) DEFAULT NULL,
  `lon` bigint(255) DEFAULT NULL
) ENGINE=InnoDB DEFAULT CHARSET=latin1;

--
-- Dumping data for table `tblvendor`
--

INSERT INTO `tblvendor` (`fldvendor_id`, `fld_name`, `fld_email`, `fld_password`, `fld_mob`, `fld_phone`, `fld_address`, `fld_logo`, `lat`, `lon`) VALUES
(22, 'Hotel Radison', 'vendor1@gmail.com', 'vendor1', 7503515386, 114565457, 'noida', '46388969.jpg', 13, 79),
(23, 'Hotel Piccaso', 'vendor2@gmail.com', 'vendor2', 7503515385, 114565457, 'C-33, SWARN PARK, MUNDKA', '46388969.jpg', 65, 78),
(26, 'faizan', 'bhanu@gmail.com', 'feasfasf', 7997513052, 111234567, 'scasscdsad', '24-7.jpg', 13, 79),
(27, 'hotel ravi', 'customer1@gmail.com', 'hakdoasjdo', 7997513052, 111234567, 'vfdvfdvdfbvrdbvrbrbvrd', '2017-DLD_087.jpg', 13, 79);

--
-- Indexes for dumped tables
--

--
-- Indexes for table `tbadmin`
--
ALTER TABLE `tbadmin`
  ADD PRIMARY KEY (`fld_id`);

--
-- Indexes for table `tbfood`
--
ALTER TABLE `tbfood`
  ADD PRIMARY KEY (`food_id`),
  ADD KEY `fldvendor_id` (`fldvendor_id`);

--
-- Indexes for table `tblcart`
--
ALTER TABLE `tblcart`
  ADD PRIMARY KEY (`fld_cart_id`);

--
-- Indexes for table `tblcustomer`
--
ALTER TABLE `tblcustomer`
  ADD PRIMARY KEY (`fld_cust_id`);

--
-- Indexes for table `tblmessage`
--
ALTER TABLE `tblmessage`
  ADD PRIMARY KEY (`fld_msg_id`);

--
-- Indexes for table `tblorder`
--
ALTER TABLE `tblorder`
  ADD PRIMARY KEY (`fld_order_id`);

--
-- Indexes for table `tblvendor`
--
ALTER TABLE `tblvendor`
  ADD PRIMARY KEY (`fldvendor_id`);

--
-- AUTO_INCREMENT for dumped tables
--

--
-- AUTO_INCREMENT for table `tbadmin`
--
ALTER TABLE `tbadmin`
  MODIFY `fld_id` int(10) NOT NULL AUTO_INCREMENT, AUTO_INCREMENT=2;
--
-- AUTO_INCREMENT for table `tbfood`
--
ALTER TABLE `tbfood`
  MODIFY `food_id` int(11) NOT NULL AUTO_INCREMENT, AUTO_INCREMENT=9;
--
-- AUTO_INCREMENT for table `tblcart`
--
ALTER TABLE `tblcart`
  MODIFY `fld_cart_id` int(11) NOT NULL AUTO_INCREMENT, AUTO_INCREMENT=9;
--
-- AUTO_INCREMENT for table `tblcustomer`
--
ALTER TABLE `tblcustomer`
  MODIFY `fld_cust_id` int(10) NOT NULL AUTO_INCREMENT, AUTO_INCREMENT=4;
--
-- AUTO_INCREMENT for table `tblmessage`
--
ALTER TABLE `tblmessage`
  MODIFY `fld_msg_id` int(10) NOT NULL AUTO_INCREMENT;
--
-- AUTO_INCREMENT for table `tblorder`
--
ALTER TABLE `tblorder`
  MODIFY `fld_order_id` int(10) NOT NULL AUTO_INCREMENT, AUTO_INCREMENT=15;
--
-- AUTO_INCREMENT for table `tblvendor`
--
ALTER TABLE `tblvendor`
  MODIFY `fldvendor_id` int(10) NOT NULL AUTO_INCREMENT, AUTO_INCREMENT=28;
--
-- Constraints for dumped tables
--

--
-- Constraints for table `tbfood`
--
ALTER TABLE `tbfood`
  ADD CONSTRAINT `tbfood_ibfk_1` FOREIGN KEY (`fldvendor_id`) REFERENCES `tblvendor` (`fldvendor_id`);

/*!40101 SET CHARACTER_SET_CLIENT=@OLD_CHARACTER_SET_CLIENT */;
/*!40101 SET CHARACTER_SET_RESULTS=@OLD_CHARACTER_SET_RESULTS */;
/*!40101 SET COLLATION_CONNECTION=@OLD_COLLATION_CONNECTION */;
